peptide_id,sequence,target_id,target,target_type,q_peptide,h_peptide,mu_h_peptide,h_membrane,surface_charge,anionic_fraction,cholesterol,lps,peptidoglycan,ergosterol,sterol_penalty,viral_envelope,pmi,pmi_normal,pmi_sel,mic_value,mic_unit,mic_source,mic_confidence,mbc_value,mbc_unit,mbc_source,mbc_confidence,hemolysis_value,hemolysis_unit,hemolysis_source,hemolysis_confidence,pred_high_activity_prob,pred_high_activity_prob_raw,pred_pmi_rank
P11,FFSLIPKLVKGLISAFK,B_cereus_ATCC11778,Bacillus cereus ATCC 11778,Gram+,3.0,1.1471,1.842813316496635,0.45,-0.8,0.6,0.0,0,1,0.0,0.0,0,3.2109414949489907,0.8856514949489904,2.3252900000000003,,,,,,,,,,,,,0.9090909090909091,0.7452007479152358,8.0
P12,FFKLIPKLVKGLISAFK,B_cereus_ATCC11778,Bacillus cereus ATCC 11778,Gram+,4.0,0.9647,2.0241789581164626,0.45,-0.8,0.6,0.0,0,1,0.0,0.0,0,4.0243111874349395,0.9807811874349388,3.0435300000000005,,,,,,,,,,,,,0.9090909090909091,1.0,6.0
P13,FFSLIPKLVGKLISAFK,B_cereus_ATCC11778,Bacillus cereus ATCC 11778,Gram+,4.0,1.1471,0.65,0.45,-0.8,0.6,0.0,0,1,0.0,0.0,0,3.6530975,0.6278075000000001,3.02529,,,,,,,,,,,,,0.9090909090909091,0.9869444444444444,7.0
P14,FFSLIPKLVGKLIKAFK,B_cereus_ATCC11778,Bacillus cereus ATCC 11778,Gram+,5.0,0.9647,0.7,0.45,-0.8,0.6,0.0,0,1,0.0,0.0,0,4.4270575,0.6835274999999998,3.7435300000000002,,,,,,,,,,,,,0.9090909090909091,0.9835512355158451,3.0
P15,FFSLIPSLVKKLIKAFK,B_cereus_ATCC11778,Bacillus cereus ATCC 11778,Gram+,5.0,0.9412,0.7,0.45,-0.8,0.6,0.0,0,1,0.0,0.0,0,4.4217699999999995,0.6758899999999999,3.7458799999999997,,,,,,,,,,,,,0.9090909090909091,0.6820996097161683,4.0
P16,FFKLIPKLVKKLIKAFK,B_cereus_ATCC11778,Bacillus cereus ATCC 11778,Gram+,7.0,0.5765,0.8,0.45,-0.8,0.6,0.0,0,1,0.0,0.0,0,5.969712500000001,0.7873625,5.182350000000001,,,,,,,,,,,,,0.9090909090909091,0.9922291235334714,1.0
P17,FLRMIPGLIRGLIRAFR,B_cereus_ATCC11778,Bacillus cereus ATCC 11778,Gram+,5.0,0.8118,0.75,0.45,-0.8,0.6,0.0,0,1,0.0,0.0,0,4.407654999999999,0.648835,3.758819999999999,,,,,,,,,,,,,0.9090909090909091,0.986759238885955,5.0
P18,FLKMIPRLIKRLISAFK,B_cereus_ATCC11778,Bacillus cereus ATCC 11778,Gram+,6.0,0.6529,0.77,0.45,-0.8,0.6,0.0,0,1,0.0,0.0,0,5.177902500000001,0.7031924999999999,4.474710000000001,,,,,,,,,,,,,0.9090909090909091,0.6955753533583043,2.0
P05,FLGMIPGLIGGLISAFK,B_cereus_ATCC11778,Bacillus cereus ATCC 11778,Gram+,2.0,1.5471,0.59,0.45,-0.8,0.6,0.0,0,1,0.0,0.0,0,2.1250975,0.5398075,1.5852899999999999,18.0,uM,bancada,experimental,,,,,,,,,0.0,0.0,10.0
P10,FFSLIPSLVGGLISAFK,B_cereus_ATCC11778,Bacillus cereus ATCC 11778,Gram+,3.0,1.5353,0.67,0.45,-0.8,0.6,0.0,0,1,0.0,0.0,0,2.9464425000000003,0.6599725000000001,2.2864700000000004,,,,,,,,,,,,,0.0,0.020870445344129553,9.0
P05,FLGMIPGLIGGLISAFK,C_albicans_ATCC90028,Candida albicans ATCC 90028,fungo,2.0,1.5471,0.59,0.55,-0.4,0.25,0.0,0,0,0.75,0.6000000000000001,0,1.1624525,0.5398075,0.6226450000000001,,,,,,,,,,,,,0.0,0.0,10.0
P10,FFSLIPSLVGGLISAFK,C_albicans_ATCC90028,Candida albicans ATCC 90028,fungo,3.0,1.5353,0.67,0.55,-0.4,0.25,0.0,0,0,0.75,0.6000000000000001,0,1.5832075000000003,0.6599725000000001,0.9232350000000002,37.5,uM,bancada,experimental,,,,,,,,,0.0,0.0,9.0
P11,FFSLIPKLVKGLISAFK,C_albicans_ATCC90028,Candida albicans ATCC 90028,fungo,3.0,1.1471,1.842813316496635,0.55,-0.4,0.25,0.0,0,0,0.75,0.6000000000000001,0,1.8282964949489908,0.8856514949489904,0.9426450000000004,9.38,uM,bancada,experimental,,,,,,,,,0.0,0.0,8.0
P12,FFKLIPKLVKGLISAFK,C_albicans_ATCC90028,Candida albicans ATCC 90028,fungo,4.0,0.9647,2.0241789581164626,0.55,-0.4,0.25,0.0,0,0,0.75,0.6000000000000001,0,2.232546187434939,0.9807811874349388,1.251765,4.69,uM,bancada,experimental,,,,,,,,,0.0,0.0,4.0
P13,FFSLIPKLVGKLISAFK,C_albicans_ATCC90028,Candida albicans ATCC 90028,fungo,4.0,1.1471,0.65,0.55,-0.4,0.25,0.0,0,0,0.75,0.6000000000000001,0,1.8704525,0.6278075000000001,1.242645,,,,,,,,,,,,,0.0,0.04,7.0
P14,FFSLIPKLVGKLIKAFK,C_albicans_ATCC90028,Candida albicans ATCC 90028,fungo,5.0,0.9647,0.7,0.55,-0.4,0.25,0.0,0,0,0.75,0.6000000000000001,0,2.2352925,0.6835274999999998,1.551765,,,,,,,,,,,,,0.0,0.005,3.0
P15,FFSLIPSLVKKLIKAFK,C_albicans_ATCC90028,Candida albicans ATCC 90028,fungo,5.0,0.9412,0.7,0.55,-0.4,0.25,0.0,0,0,0.75,0.6000000000000001,0,2.22883,0.6758899999999999,1.55294,9.4,uM,bancada,experimental,,,,,,,,,0.0,0.005,5.0
P16,FFKLIPKLVKKLIKAFK,C_albicans_ATCC90028,Candida albicans ATCC 90028,fungo,7.0,0.5765,0.8,0.55,-0.4,0.25,0.0,0,0,0.75,0.6000000000000001,0,2.9585375000000003,0.7873625,2.1711750000000003,4.7,uM,bancada,experimental,,,,,,,,,0.0,0.005,1.0
P17,FLRMIPGLIRGLIRAFR,C_albicans_ATCC90028,Candida albicans ATCC 90028,fungo,5.0,0.8118,0.75,0.55,-0.4,0.25,0.0,0,0,0.75,0.6000000000000001,0,2.208245,0.648835,1.5594099999999997,,,,,,,,,,,,,0.0,0.005,6.0
P18,FLKMIPRLIKRLISAFK,C_albicans_ATCC90028,Candida albicans ATCC 90028,fungo,6.0,0.6529,0.77,0.55,-0.4,0.25,0.0,0,0,0.75,0.6000000000000001,0,2.5705475,0.7031924999999999,1.867355,,,,,,,,,,,,,0.0,0.005,2.0
P12,FFKLIPKLVKGLISAFK,C_freundii_ATCC8090,Citrobacter freundii ATCC 8090,Gram-,4.0,0.9647,2.0241789581164626,0.4,-0.9,0.65,0.0,1,1,0.0,0.0,0,4.400193687434939,0.9807811874349388,3.4194125,,,,,,,,,,,,,0.9090909090909091,0.8135050797696808,6.0
P16,FFKLIPKLVKKLIKAFK,C_freundii_ATCC8090,Citrobacter freundii ATCC 8090,Gram-,7.0,0.5765,0.8,0.4,-0.9,0.65,0.0,1,1,0.0,0.0,0,6.6553,0.7873625,5.8679375,,,,,,,,,,,,,0.9090909090909091,0.7134889645429737,1.0
P17,FLRMIPGLIRGLIRAFR,C_freundii_ATCC8090,Citrobacter freundii ATCC 8090,Gram-,5.0,0.8118,0.75,0.4,-0.9,0.65,0.0,1,1,0.0,0.0,0,4.887359999999999,0.648835,4.238524999999999,,,,,,,,,,,,,0.9090909090909091,0.6782349838498739,5.0
P13,FFSLIPKLVGKLISAFK,C_freundii_ATCC8090,Citrobacter freundii ATCC 8090,Gram-,4.0,1.1471,0.65,0.4,-0.9,0.65,0.0,1,1,0.0,0.0,0,4.02442,0.6278075000000001,3.3966125,,,,,,,,,,,,,0.5075278101517631,0.527071650047883,7.0
P14,FFSLIPKLVGKLIKAFK,C_freundii_ATCC8090,Citrobacter freundii ATCC 8090,Gram-,5.0,0.9647,0.7,0.4,-0.9,0.65,0.0,1,1,0.0,0.0,0,4.90294,0.6835274999999998,4.219412500000001,,,,,,,,,,,,,0.48484848484848486,0.49420417033791475,3.0
P15,FFSLIPSLVKKLIKAFK,C_freundii_ATCC8090,Citrobacter freundii ATCC 8090,Gram-,5.0,0.9412,0.7,0.4,-0.9,0.65,0.0,1,1,0.0,0.0,0,4.89824,0.6758899999999999,4.2223500000000005,,,,,,,,,,,,,0.48484848484848486,0.38745575108110636,4.0
P18,FLKMIPRLIKRLISAFK,C_freundii_ATCC8090,Citrobacter freundii ATCC 8090,Gram-,6.0,0.6529,0.77,0.4,-0.9,0.65,0.0,1,1,0.0,0.0,0,5.76158,0.7031924999999999,5.0583875,,,,,,,,,,,,,0.48484848484848486,0.3359219475375562,2.0
P05,FLGMIPGLIGGLISAFK,C_freundii_ATCC8090,Citrobacter freundii ATCC 8090,Gram-,2.0,1.5471,0.59,0.4,-0.9,0.65,0.0,1,1,0.0,0.0,0,2.28642,0.5398075,1.7466125000000001,144.25,uM,bancada,experimental,,,,,,,,,0.0,0.0,10.0
P10,FFSLIPSLVGGLISAFK,C_freundii_ATCC8090,Citrobacter freundii ATCC 8090,Gram-,3.0,1.5353,0.67,0.4,-0.9,0.65,0.0,1,1,0.0,0.0,0,3.20806,0.6599725000000001,2.5480875000000003,,,,,,,,,,,,,0.0,0.010870445344129554,9.0
P11,FFSLIPKLVKGLISAFK,C_freundii_ATCC8090,Citrobacter freundii ATCC 8090,Gram-,3.0,1.1471,1.842813316496635,0.4,-0.9,0.65,0.0,1,1,0.0,0.0,0,3.482263994948991,0.8856514949489904,2.5966125000000004,,,,,,,,,,,,,0.0,0.005,8.0
P05,FLGMIPGLIGGLISAFK,C_glabrata_ATCC90030,Candida glabrata ATCC 90030,fungo,2.0,1.5471,0.59,0.55,-0.4,0.25,0.0,0,0,0.75,0.6000000000000001,0,1.1624525,0.5398075,0.6226450000000001,,,,,,,,,,,,,0.0,0.0,10.0
P10,FFSLIPSLVGGLISAFK,C_glabrata_ATCC90030,Candida glabrata ATCC 90030,fungo,3.0,1.5353,0.67,0.55,-0.4,0.25,0.0,0,0,0.75,0.6000000000000001,0,1.5832075000000003,0.6599725000000001,0.9232350000000002,150.0,uM,bancada,experimental,,,,,,,,,0.0,0.0,9.0
P11,FFSLIPKLVKGLISAFK,C_glabrata_ATCC90030,Candida glabrata ATCC 90030,fungo,3.0,1.1471,1.842813316496635,0.55,-0.4,0.25,0.0,0,0,0.75,0.6000000000000001,0,1.8282964949489908,0.8856514949489904,0.9426450000000004,18.75,uM,bancada,experimental,,,,,,,,,0.0,0.0,8.0
P12,FFKLIPKLVKGLISAFK,C_glabrata_ATCC90030,Candida glabrata ATCC 90030,fungo,4.0,0.9647,2.0241789581164626,0.55,-0.4,0.25,0.0,0,0,0.75,0.6000000000000001,0,2.232546187434939,0.9807811874349388,1.251765,9.38,uM,bancada,experimental,,,,,,,,,0.0,0.0,4.0
P13,FFSLIPKLVGKLISAFK,C_glabrata_ATCC90030,Candida glabrata ATCC 90030,fungo,4.0,1.1471,0.65,0.55,-0.4,0.25,0.0,0,0,0.75,0.6000000000000001,0,1.8704525,0.6278075000000001,1.242645,,,,,,,,,,,,,0.0,0.04,7.0
P14,FFSLIPKLVGKLIKAFK,C_glabrata_ATCC90030,Candida glabrata ATCC 90030,fungo,5.0,0.9647,0.7,0.55,-0.4,0.25,0.0,0,0,0.75,0.6000000000000001,0,2.2352925,0.6835274999999998,1.551765,,,,,,,,,,,,,0.0,0.005,3.0
P15,FFSLIPSLVKKLIKAFK,C_glabrata_ATCC90030,Candida glabrata ATCC 90030,fungo,5.0,0.9412,0.7,0.55,-0.4,0.25,0.0,0,0,0.75,0.6000000000000001,0,2.22883,0.6758899999999999,1.55294,9.4,uM,bancada,experimental,,,,,,,,,0.0,0.005,5.0
P16,FFKLIPKLVKKLIKAFK,C_glabrata_ATCC90030,Candida glabrata ATCC 90030,fungo,7.0,0.5765,0.8,0.55,-0.4,0.25,0.0,0,0,0.75,0.6000000000000001,0,2.9585375000000003,0.7873625,2.1711750000000003,4.7,uM,bancada,experimental,,,,,,,,,0.0,0.005,1.0
P17,FLRMIPGLIRGLIRAFR,C_glabrata_ATCC90030,Candida glabrata ATCC 90030,fungo,5.0,0.8118,0.75,0.55,-0.4,0.25,0.0,0,0,0.75,0.6000000000000001,0,2.208245,0.648835,1.5594099999999997,,,,,,,,,,,,,0.0,0.005,6.0
P18,FLKMIPRLIKRLISAFK,C_glabrata_ATCC90030,Candida glabrata ATCC 90030,fungo,6.0,0.6529,0.77,0.55,-0.4,0.25,0.0,0,0,0.75,0.6000000000000001,0,2.5705475,0.7031924999999999,1.867355,,,,,,,,,,,,,0.0,0.005,2.0
P05,FLGMIPGLIGGLISAFK,C_krusei_ATCC6258,Candida krusei ATCC 6258,fungo,2.0,1.5471,0.59,0.55,-0.4,0.25,0.0,0,0,0.75,0.6000000000000001,0,1.1624525,0.5398075,0.6226450000000001,,,,,,,,,,,,,0.0,0.0,10.0
P10,FFSLIPSLVGGLISAFK,C_krusei_ATCC6258,Candida krusei ATCC 6258,fungo,3.0,1.5353,0.67,0.55,-0.4,0.25,0.0,0,0,0.75,0.6000000000000001,0,1.5832075000000003,0.6599725000000001,0.9232350000000002,150.0,uM,bancada,experimental,,,,,,,,,0.0,0.0,9.0
P11,FFSLIPKLVKGLISAFK,C_krusei_ATCC6258,Candida krusei ATCC 6258,fungo,3.0,1.1471,1.842813316496635,0.55,-0.4,0.25,0.0,0,0,0.75,0.6000000000000001,0,1.8282964949489908,0.8856514949489904,0.9426450000000004,37.5,uM,bancada,experimental,,,,,,,,,0.0,0.0,8.0
P12,FFKLIPKLVKGLISAFK,C_krusei_ATCC6258,Candida krusei ATCC 6258,fungo,4.0,0.9647,2.0241789581164626,0.55,-0.4,0.25,0.0,0,0,0.75,0.6000000000000001,0,2.232546187434939,0.9807811874349388,1.251765,9.38,uM,bancada,experimental,,,,,,,,,0.0,0.0,4.0
P13,FFSLIPKLVGKLISAFK,C_krusei_ATCC6258,Candida krusei ATCC 6258,fungo,4.0,1.1471,0.65,0.55,-0.4,0.25,0.0,0,0,0.75,0.6000000000000001,0,1.8704525,0.6278075000000001,1.242645,,,,,,,,,,,,,0.0,0.04,7.0
P14,FFSLIPKLVGKLIKAFK,C_krusei_ATCC6258,Candida krusei ATCC 6258,fungo,5.0,0.9647,0.7,0.55,-0.4,0.25,0.0,0,0,0.75,0.6000000000000001,0,2.2352925,0.6835274999999998,1.551765,,,,,,,,,,,,,0.0,0.005,3.0
P15,FFSLIPSLVKKLIKAFK,C_krusei_ATCC6258,Candida krusei ATCC 6258,fungo,5.0,0.9412,0.7,0.55,-0.4,0.25,0.0,0,0,0.75,0.6000000000000001,0,2.22883,0.6758899999999999,1.55294,9.4,uM,bancada,experimental,,,,,,,,,0.0,0.005,5.0
P16,FFKLIPKLVKKLIKAFK,C_krusei_ATCC6258,Candida krusei ATCC 6258,fungo,7.0,0.5765,0.8,0.55,-0.4,0.25,0.0,0,0,0.75,0.6000000000000001,0,2.9585375000000003,0.7873625,2.1711750000000003,4.7,uM,bancada,experimental,,,,,,,,,0.0,0.005,1.0
P17,FLRMIPGLIRGLIRAFR,C_krusei_ATCC6258,Candida krusei ATCC 6258,fungo,5.0,0.8118,0.75,0.55,-0.4,0.25,0.0,0,0,0.75,0.6000000000000001,0,2.208245,0.648835,1.5594099999999997,,,,,,,,,,,,,0.0,0.005,6.0
P18,FLKMIPRLIKRLISAFK,C_krusei_ATCC6258,Candida krusei ATCC 6258,fungo,6.0,0.6529,0.77,0.55,-0.4,0.25,0.0,0,0,0.75,0.6000000000000001,0,2.5705475,0.7031924999999999,1.867355,,,,,,,,,,,,,0.0,0.005,2.0
P05,FLGMIPGLIGGLISAFK,Candida_spp,Candida spp.,fungo,2.0,1.5471,0.59,0.55,-0.4,0.25,0.0,0,0,0.75,0.6000000000000001,0,1.1624525,0.5398075,0.6226450000000001,,,,,,,,,,,,,0.0,0.0,10.0
P10,FFSLIPSLVGGLISAFK,Candida_spp,Candida spp.,fungo,3.0,1.5353,0.67,0.55,-0.4,0.25,0.0,0,0,0.75,0.6000000000000001,0,1.5832075000000003,0.6599725000000001,0.9232350000000002,,,,,,,,,,,,,0.0,0.0,9.0
P11,FFSLIPKLVKGLISAFK,Candida_spp,Candida spp.,fungo,3.0,1.1471,1.842813316496635,0.55,-0.4,0.25,0.0,0,0,0.75,0.6000000000000001,0,1.8282964949489908,0.8856514949489904,0.9426450000000004,,,,,,,,,,,,,0.0,0.0,8.0
P12,FFKLIPKLVKGLISAFK,Candida_spp,Candida spp.,fungo,4.0,0.9647,2.0241789581164626,0.55,-0.4,0.25,0.0,0,0,0.75,0.6000000000000001,0,2.232546187434939,0.9807811874349388,1.251765,,,,,,,,,,,,,0.0,0.0,4.0
P13,FFSLIPKLVGKLISAFK,Candida_spp,Candida spp.,fungo,4.0,1.1471,0.65,0.55,-0.4,0.25,0.0,0,0,0.75,0.6000000000000001,0,1.8704525,0.6278075000000001,1.242645,,,,,,,,,,,,,0.0,0.04,7.0
P14,FFSLIPKLVGKLIKAFK,Candida_spp,Candida spp.,fungo,5.0,0.9647,0.7,0.55,-0.4,0.25,0.0,0,0,0.75,0.6000000000000001,0,2.2352925,0.6835274999999998,1.551765,,,,,,,,,,,,,0.0,0.005,3.0
P15,FFSLIPSLVKKLIKAFK,Candida_spp,Candida spp.,fungo,5.0,0.9412,0.7,0.55,-0.4,0.25,0.0,0,0,0.75,0.6000000000000001,0,2.22883,0.6758899999999999,1.55294,,,,,,,,,,,,,0.0,0.005,5.0
P16,FFKLIPKLVKKLIKAFK,Candida_spp,Candida spp.,fungo,7.0,0.5765,0.8,0.55,-0.4,0.25,0.0,0,0,0.75,0.6000000000000001,0,2.9585375000000003,0.7873625,2.1711750000000003,,,,,,,,,,,,,0.0,0.005,1.0
P17,FLRMIPGLIRGLIRAFR,Candida_spp,Candida spp.,fungo,5.0,0.8118,0.75,0.55,-0.4,0.25,0.0,0,0,0.75,0.6000000000000001,0,2.208245,0.648835,1.5594099999999997,,,,,,,,,,,,,0.0,0.005,6.0
P18,FLKMIPRLIKRLISAFK,Candida_spp,Candida spp.,fungo,6.0,0.6529,0.77,0.55,-0.4,0.25,0.0,0,0,0.75,0.6000000000000001,0,2.5705475,0.7031924999999999,1.867355,,,,,,,,,,,,,0.0,0.005,2.0
P12,FFKLIPKLVKGLISAFK,E_cloacae_ATCC13047,Enterobacter cloacae ATCC 13047,Gram-,4.0,0.9647,2.0241789581164626,0.4,-0.9,0.65,0.0,1,1,0.0,0.0,0,4.400193687434939,0.9807811874349388,3.4194125,9.38,uM,bancada,experimental,,,,,,,,,0.9090909090909091,0.8135050797696808,6.0
P16,FFKLIPKLVKKLIKAFK,E_cloacae_ATCC13047,Enterobacter cloacae ATCC 13047,Gram-,7.0,0.5765,0.8,0.4,-0.9,0.65,0.0,1,1,0.0,0.0,0,6.6553,0.7873625,5.8679375,4.7,uM,bancada,experimental,,,,,,,,,0.9090909090909091,0.7134889645429737,1.0
P17,FLRMIPGLIRGLIRAFR,E_cloacae_ATCC13047,Enterobacter cloacae ATCC 13047,Gram-,5.0,0.8118,0.75,0.4,-0.9,0.65,0.0,1,1,0.0,0.0,0,4.887359999999999,0.648835,4.238524999999999,,,,,,,,,,,,,0.9090909090909091,0.6782349838498739,5.0
P13,FFSLIPKLVGKLISAFK,E_cloacae_ATCC13047,Enterobacter cloacae ATCC 13047,Gram-,4.0,1.1471,0.65,0.4,-0.9,0.65,0.0,1,1,0.0,0.0,0,4.02442,0.6278075000000001,3.3966125,,,,,,,,,,,,,0.5075278101517631,0.527071650047883,7.0
P14,FFSLIPKLVGKLIKAFK,E_cloacae_ATCC13047,Enterobacter cloacae ATCC 13047,Gram-,5.0,0.9647,0.7,0.4,-0.9,0.65,0.0,1,1,0.0,0.0,0,4.90294,0.6835274999999998,4.219412500000001,,,,,,,,,,,,,0.48484848484848486,0.49420417033791475,3.0
P15,FFSLIPSLVKKLIKAFK,E_cloacae_ATCC13047,Enterobacter cloacae ATCC 13047,Gram-,5.0,0.9412,0.7,0.4,-0.9,0.65,0.0,1,1,0.0,0.0,0,4.89824,0.6758899999999999,4.2223500000000005,18.8,uM,bancada,experimental,,,,,,,,,0.48484848484848486,0.38745575108110636,4.0
P18,FLKMIPRLIKRLISAFK,E_cloacae_ATCC13047,Enterobacter cloacae ATCC 13047,Gram-,6.0,0.6529,0.77,0.4,-0.9,0.65,0.0,1,1,0.0,0.0,0,5.76158,0.7031924999999999,5.0583875,,,,,,,,,,,,,0.48484848484848486,0.3359219475375562,2.0
P05,FLGMIPGLIGGLISAFK,E_cloacae_ATCC13047,Enterobacter cloacae ATCC 13047,Gram-,2.0,1.5471,0.59,0.4,-0.9,0.65,0.0,1,1,0.0,0.0,0,2.28642,0.5398075,1.7466125000000001,,,,,,,,,,,,,0.0,0.0,10.0
P10,FFSLIPSLVGGLISAFK,E_cloacae_ATCC13047,Enterobacter cloacae ATCC 13047,Gram-,3.0,1.5353,0.67,0.4,-0.9,0.65,0.0,1,1,0.0,0.0,0,3.20806,0.6599725000000001,2.5480875000000003,150.0,uM,bancada,experimental,,,,,,,,,0.0,0.010870445344129554,9.0
P11,FFSLIPKLVKGLISAFK,E_cloacae_ATCC13047,Enterobacter cloacae ATCC 13047,Gram-,3.0,1.1471,1.842813316496635,0.4,-0.9,0.65,0.0,1,1,0.0,0.0,0,3.482263994948991,0.8856514949489904,2.5966125000000004,18.75,uM,bancada,experimental,,,,,,,,,0.0,0.005,8.0
P12,FFKLIPKLVKGLISAFK,E_coli_ATCC25922,Escherichia coli ATCC 25922,Gram-,4.0,0.9647,2.0241789581164626,0.4,-0.9,0.65,0.0,1,1,0.0,0.0,0,4.400193687434939,0.9807811874349388,3.4194125,2.34,uM,bancada,experimental,,,,,,,,,0.9090909090909091,0.8135050797696808,6.0
P16,FFKLIPKLVKKLIKAFK,E_coli_ATCC25922,Escherichia coli ATCC 25922,Gram-,7.0,0.5765,0.8,0.4,-0.9,0.65,0.0,1,1,0.0,0.0,0,6.6553,0.7873625,5.8679375,1.2,uM,bancada,experimental,,,,,,,,,0.9090909090909091,0.7134889645429737,1.0
P17,FLRMIPGLIRGLIRAFR,E_coli_ATCC25922,Escherichia coli ATCC 25922,Gram-,5.0,0.8118,0.75,0.4,-0.9,0.65,0.0,1,1,0.0,0.0,0,4.887359999999999,0.648835,4.238524999999999,2.51,uM,bancada,experimental,,,,,,,,,0.9090909090909091,0.6782349838498739,5.0
P13,FFSLIPKLVGKLISAFK,E_coli_ATCC25922,Escherichia coli ATCC 25922,Gram-,4.0,1.1471,0.65,0.4,-0.9,0.65,0.0,1,1,0.0,0.0,0,4.02442,0.6278075000000001,3.3966125,2.34,uM,bancada,experimental,,,,,,,,,0.5075278101517631,0.527071650047883,7.0
P14,FFSLIPKLVGKLIKAFK,E_coli_ATCC25922,Escherichia coli ATCC 25922,Gram-,5.0,0.9647,0.7,0.4,-0.9,0.65,0.0,1,1,0.0,0.0,0,4.90294,0.6835274999999998,4.219412500000001,2.34,uM,bancada,experimental,,,,,,,,,0.48484848484848486,0.49420417033791475,3.0
P15,FFSLIPSLVKKLIKAFK,E_coli_ATCC25922,Escherichia coli ATCC 25922,Gram-,5.0,0.9412,0.7,0.4,-0.9,0.65,0.0,1,1,0.0,0.0,0,4.89824,0.6758899999999999,4.2223500000000005,2.3,uM,bancada,experimental,,,,,,,,,0.48484848484848486,0.38745575108110636,4.0
P18,FLKMIPRLIKRLISAFK,E_coli_ATCC25922,Escherichia coli ATCC 25922,Gram-,6.0,0.6529,0.77,0.4,-0.9,0.65,0.0,1,1,0.0,0.0,0,5.76158,0.7031924999999999,5.0583875,2.56,uM,bancada,experimental,,,,,,,,,0.48484848484848486,0.3359219475375562,2.0
P05,FLGMIPGLIGGLISAFK,E_coli_ATCC25922,Escherichia coli ATCC 25922,Gram-,2.0,1.5471,0.59,0.4,-0.9,0.65,0.0,1,1,0.0,0.0,0,2.28642,0.5398075,1.7466125000000001,160.0,uM,bancada,experimental,,,,,,,,,0.0,0.0,10.0
P10,FFSLIPSLVGGLISAFK,E_coli_ATCC25922,Escherichia coli ATCC 25922,Gram-,3.0,1.5353,0.67,0.4,-0.9,0.65,0.0,1,1,0.0,0.0,0,3.20806,0.6599725000000001,2.5480875000000003,150.0,uM,bancada,experimental,,,,,,,,,0.0,0.010870445344129554,9.0
P11,FFSLIPKLVKGLISAFK,E_coli_ATCC25922,Escherichia coli ATCC 25922,Gram-,3.0,1.1471,1.842813316496635,0.4,-0.9,0.65,0.0,1,1,0.0,0.0,0,3.482263994948991,0.8856514949489904,2.5966125000000004,4.69,uM,bancada,experimental,,,,,,,,,0.0,0.005,8.0
P11,FFSLIPKLVKGLISAFK,E_faecalis_ATCC29212,Enterococcus faecalis ATCC 29212,Gram+,3.0,1.1471,1.842813316496635,0.45,-0.8,0.6,0.0,0,1,0.0,0.0,0,3.2109414949489907,0.8856514949489904,2.3252900000000003,1.17,uM,bancada,experimental,,,,,,,,,0.9090909090909091,0.7452007479152358,8.0
P12,FFKLIPKLVKGLISAFK,E_faecalis_ATCC29212,Enterococcus faecalis ATCC 29212,Gram+,4.0,0.9647,2.0241789581164626,0.45,-0.8,0.6,0.0,0,1,0.0,0.0,0,4.0243111874349395,0.9807811874349388,3.0435300000000005,1.17,uM,bancada,experimental,,,,,,,,,0.9090909090909091,1.0,6.0
P13,FFSLIPKLVGKLISAFK,E_faecalis_ATCC29212,Enterococcus faecalis ATCC 29212,Gram+,4.0,1.1471,0.65,0.45,-0.8,0.6,0.0,0,1,0.0,0.0,0,3.6530975,0.6278075000000001,3.02529,,,,,,,,,,,,,0.9090909090909091,0.9869444444444444,7.0
P14,FFSLIPKLVGKLIKAFK,E_faecalis_ATCC29212,Enterococcus faecalis ATCC 29212,Gram+,5.0,0.9647,0.7,0.45,-0.8,0.6,0.0,0,1,0.0,0.0,0,4.4270575,0.6835274999999998,3.7435300000000002,,,,,,,,,,,,,0.9090909090909091,0.9835512355158451,3.0
P15,FFSLIPSLVKKLIKAFK,E_faecalis_ATCC29212,Enterococcus faecalis ATCC 29212,Gram+,5.0,0.9412,0.7,0.45,-0.8,0.6,0.0,0,1,0.0,0.0,0,4.4217699999999995,0.6758899999999999,3.7458799999999997,4.7,uM,bancada,experimental,,,,,,,,,0.9090909090909091,0.6820996097161683,4.0
P16,FFKLIPKLVKKLIKAFK,E_faecalis_ATCC29212,Enterococcus faecalis ATCC 29212,Gram+,7.0,0.5765,0.8,0.45,-0.8,0.6,0.0,0,1,0.0,0.0,0,5.969712500000001,0.7873625,5.182350000000001,1.2,uM,bancada,experimental,,,,,,,,,0.9090909090909091,0.9922291235334714,1.0
P17,FLRMIPGLIRGLIRAFR,E_faecalis_ATCC29212,Enterococcus faecalis ATCC 29212,Gram+,5.0,0.8118,0.75,0.45,-0.8,0.6,0.0,0,1,0.0,0.0,0,4.407654999999999,0.648835,3.758819999999999,2.51,uM,bancada,experimental,,,,,,,,,0.9090909090909091,0.986759238885955,5.0
P18,FLKMIPRLIKRLISAFK,E_faecalis_ATCC29212,Enterococcus faecalis ATCC 29212,Gram+,6.0,0.6529,0.77,0.45,-0.8,0.6,0.0,0,1,0.0,0.0,0,5.177902500000001,0.7031924999999999,4.474710000000001,5.12,uM,bancada,experimental,,,,,,,,,0.9090909090909091,0.6955753533583043,2.0
P05,FLGMIPGLIGGLISAFK,E_faecalis_ATCC29212,Enterococcus faecalis ATCC 29212,Gram+,2.0,1.5471,0.59,0.45,-0.8,0.6,0.0,0,1,0.0,0.0,0,2.1250975,0.5398075,1.5852899999999999,20.2,uM,bancada,experimental,,,,,,,,,0.0,0.0,10.0
P10,FFSLIPSLVGGLISAFK,E_faecalis_ATCC29212,Enterococcus faecalis ATCC 29212,Gram+,3.0,1.5353,0.67,0.45,-0.8,0.6,0.0,0,1,0.0,0.0,0,2.9464425000000003,0.6599725000000001,2.2864700000000004,150.0,uM,bancada,experimental,,,,,,,,,0.0,0.020870445344129553,9.0
P13,FFSLIPKLVGKLISAFK,HSV1,Herpes simplex virus type 1,vírus envelopado,4.0,1.1471,0.65,0.6,-0.3,0.2,0.7,0,0,0.0,0.7,1,1.45913,0.6278075000000001,0.8313225,,,,,,,,,,,,,0.06144329129743654,0.12096416741153584,8.0
P17,FLRMIPGLIRGLIRAFR,HSV1,Herpes simplex virus type 1,vírus envelopado,5.0,0.8118,0.75,0.6,-0.3,0.2,0.7,0,0,0.0,0.7,1,1.68854,0.648835,1.0397049999999999,,,,,,,,,,,,,0.004372813056039091,0.09548416495784917,6.0
P05,FLGMIPGLIGGLISAFK,HSV1,Herpes simplex virus type 1,vírus envelopado,2.0,1.5471,0.59,0.6,-0.3,0.2,0.7,0,0,0.0,0.7,1,0.96113,0.5398075,0.42132250000000004,,,,,,,,,,,,,0.0,0.0,10.0
P10,FFSLIPSLVGGLISAFK,HSV1,Herpes simplex virus type 1,vírus envelopado,3.0,1.5353,0.67,0.6,-0.3,0.2,0.7,0,0,0.0,0.7,1,1.28159,0.6599725000000001,0.6216174999999999,,,,,,,,,,,,,0.0,0.003947368421052631,9.0
P11,FFSLIPKLVKGLISAFK,HSV1,Herpes simplex virus type 1,vírus envelopado,3.0,1.1471,1.842813316496635,0.6,-0.3,0.2,0.7,0,0,0.0,0.7,1,1.5169739949489904,0.8856514949489904,0.6313225,,,,,,,,,,,,,0.0,0.07039466629496745,7.0
P12,FFKLIPKLVKGLISAFK,HSV1,Herpes simplex virus type 1,vírus envelopado,4.0,0.9647,2.0241789581164626,0.6,-0.3,0.2,0.7,0,0,0.0,0.7,1,1.8166636874349387,0.9807811874349388,0.8358824999999999,,,,,,,,,,,,,0.0,0.08997134444502866,3.0
P14,FFSLIPKLVGKLIKAFK,HSV1,Herpes simplex virus type 1,vírus envelopado,5.0,0.9647,0.7,0.6,-0.3,0.2,0.7,0,0,0.0,0.7,1,1.7194099999999999,0.6835274999999998,1.0358825,,,,,,,,,,,,,0.0,0.08618346565714986,4.0
P15,FFSLIPSLVKKLIKAFK,HSV1,Herpes simplex virus type 1,vírus envelopado,5.0,0.9412,0.7,0.6,-0.3,0.2,0.7,0,0,0.0,0.7,1,1.7123599999999999,0.6758899999999999,1.03647,,,,,,,,,,,,,0.0,0.07766979838187268,5.0
P16,FFKLIPKLVKKLIKAFK,HSV1,Herpes simplex virus type 1,vírus envelopado,7.0,0.5765,0.8,0.6,-0.3,0.2,0.7,0,0,0.0,0.7,1,2.23295,0.7873625,1.4455875000000002,,,,,,,,,,,,,0.0,0.08704982152350574,1.0
P18,FLKMIPRLIKRLISAFK,HSV1,Herpes simplex virus type 1,vírus envelopado,6.0,0.6529,0.77,0.6,-0.3,0.2,0.7,0,0,0.0,0.7,1,1.9468699999999999,0.7031924999999999,1.2436775,,,,,,,,,,,,,0.0,0.0848170542907385,2.0
P12,FFKLIPKLVKGLISAFK,K_pneumoniae_ATCC23357,Klebsiella pneumoniae ATCC 23357,Gram-,4.0,0.9647,2.0241789581164626,0.4,-0.9,0.65,0.0,1,1,0.0,0.0,0,4.400193687434939,0.9807811874349388,3.4194125,,,,,,,,,,,,,0.9090909090909091,0.8135050797696808,6.0
P16,FFKLIPKLVKKLIKAFK,K_pneumoniae_ATCC23357,Klebsiella pneumoniae ATCC 23357,Gram-,7.0,0.5765,0.8,0.4,-0.9,0.65,0.0,1,1,0.0,0.0,0,6.6553,0.7873625,5.8679375,,,,,,,,,,,,,0.9090909090909091,0.7134889645429737,1.0
P17,FLRMIPGLIRGLIRAFR,K_pneumoniae_ATCC23357,Klebsiella pneumoniae ATCC 23357,Gram-,5.0,0.8118,0.75,0.4,-0.9,0.65,0.0,1,1,0.0,0.0,0,4.887359999999999,0.648835,4.238524999999999,4.97,uM,bancada,experimental,,,,,,,,,0.9090909090909091,0.6782349838498739,5.0
P13,FFSLIPKLVGKLISAFK,K_pneumoniae_ATCC23357,Klebsiella pneumoniae ATCC 23357,Gram-,4.0,1.1471,0.65,0.4,-0.9,0.65,0.0,1,1,0.0,0.0,0,4.02442,0.6278075000000001,3.3966125,,,,,,,,,,,,,0.5075278101517631,0.527071650047883,7.0
P14,FFSLIPKLVGKLIKAFK,K_pneumoniae_ATCC23357,Klebsiella pneumoniae ATCC 23357,Gram-,5.0,0.9647,0.7,0.4,-0.9,0.65,0.0,1,1,0.0,0.0,0,4.90294,0.6835274999999998,4.219412500000001,,,,,,,,,,,,,0.48484848484848486,0.49420417033791475,3.0
P15,FFSLIPSLVKKLIKAFK,K_pneumoniae_ATCC23357,Klebsiella pneumoniae ATCC 23357,Gram-,5.0,0.9412,0.7,0.4,-0.9,0.65,0.0,1,1,0.0,0.0,0,4.89824,0.6758899999999999,4.2223500000000005,,,,,,,,,,,,,0.48484848484848486,0.38745575108110636,4.0
P18,FLKMIPRLIKRLISAFK,K_pneumoniae_ATCC23357,Klebsiella pneumoniae ATCC 23357,Gram-,6.0,0.6529,0.77,0.4,-0.9,0.65,0.0,1,1,0.0,0.0,0,5.76158,0.7031924999999999,5.0583875,10.2,uM,bancada,experimental,,,,,,,,,0.48484848484848486,0.3359219475375562,2.0
P05,FLGMIPGLIGGLISAFK,K_pneumoniae_ATCC23357,Klebsiella pneumoniae ATCC 23357,Gram-,2.0,1.5471,0.59,0.4,-0.9,0.65,0.0,1,1,0.0,0.0,0,2.28642,0.5398075,1.7466125000000001,160.0,uM,bancada,experimental,,,,,,,,,0.0,0.0,10.0
P10,FFSLIPSLVGGLISAFK,K_pneumoniae_ATCC23357,Klebsiella pneumoniae ATCC 23357,Gram-,3.0,1.5353,0.67,0.4,-0.9,0.65,0.0,1,1,0.0,0.0,0,3.20806,0.6599725000000001,2.5480875000000003,,,,,,,,,,,,,0.0,0.010870445344129554,9.0
P11,FFSLIPKLVKGLISAFK,K_pneumoniae_ATCC23357,Klebsiella pneumoniae ATCC 23357,Gram-,3.0,1.1471,1.842813316496635,0.4,-0.9,0.65,0.0,1,1,0.0,0.0,0,3.482263994948991,0.8856514949489904,2.5966125000000004,,,,,,,,,,,,,0.0,0.005,8.0
P12,FFKLIPKLVKGLISAFK,P_aeruginosa_ATCC27853,Pseudomonas aeruginosa ATCC 27853,Gram-,4.0,0.9647,2.0241789581164626,0.4,-0.9,0.65,0.0,1,1,0.0,0.0,0,4.400193687434939,0.9807811874349388,3.4194125,1.37,uM,bancada,experimental,,,,,,,,,0.9090909090909091,0.8135050797696808,6.0
P16,FFKLIPKLVKKLIKAFK,P_aeruginosa_ATCC27853,Pseudomonas aeruginosa ATCC 27853,Gram-,7.0,0.5765,0.8,0.4,-0.9,0.65,0.0,1,1,0.0,0.0,0,6.6553,0.7873625,5.8679375,2.3,uM,bancada,experimental,,,,,,,,,0.9090909090909091,0.7134889645429737,1.0
P17,FLRMIPGLIRGLIRAFR,P_aeruginosa_ATCC27853,Pseudomonas aeruginosa ATCC 27853,Gram-,5.0,0.8118,0.75,0.4,-0.9,0.65,0.0,1,1,0.0,0.0,0,4.887359999999999,0.648835,4.238524999999999,2.51,uM,bancada,experimental,,,,,,,,,0.9090909090909091,0.6782349838498739,5.0
P13,FFSLIPKLVGKLISAFK,P_aeruginosa_ATCC27853,Pseudomonas aeruginosa ATCC 27853,Gram-,4.0,1.1471,0.65,0.4,-0.9,0.65,0.0,1,1,0.0,0.0,0,4.02442,0.6278075000000001,3.3966125,4.68,uM,bancada,experimental,,,,,,,,,0.5075278101517631,0.527071650047883,7.0
P14,FFSLIPKLVGKLIKAFK,P_aeruginosa_ATCC27853,Pseudomonas aeruginosa ATCC 27853,Gram-,5.0,0.9647,0.7,0.4,-0.9,0.65,0.0,1,1,0.0,0.0,0,4.90294,0.6835274999999998,4.219412500000001,9.37,uM,bancada,experimental,,,,,,,,,0.48484848484848486,0.49420417033791475,3.0
P15,FFSLIPSLVKKLIKAFK,P_aeruginosa_ATCC27853,Pseudomonas aeruginosa ATCC 27853,Gram-,5.0,0.9412,0.7,0.4,-0.9,0.65,0.0,1,1,0.0,0.0,0,4.89824,0.6758899999999999,4.2223500000000005,4.7,uM,bancada,experimental,,,,,,,,,0.48484848484848486,0.38745575108110636,4.0
P18,FLKMIPRLIKRLISAFK,P_aeruginosa_ATCC27853,Pseudomonas aeruginosa ATCC 27853,Gram-,6.0,0.6529,0.77,0.4,-0.9,0.65,0.0,1,1,0.0,0.0,0,5.76158,0.7031924999999999,5.0583875,5.12,uM,bancada,experimental,,,,,,,,,0.48484848484848486,0.3359219475375562,2.0
P05,FLGMIPGLIGGLISAFK,P_aeruginosa_ATCC27853,Pseudomonas aeruginosa ATCC 27853,Gram-,2.0,1.5471,0.59,0.4,-0.9,0.65,0.0,1,1,0.0,0.0,0,2.28642,0.5398075,1.7466125000000001,160.0,uM,bancada,experimental,,,,,,,,,0.0,0.0,10.0
P10,FFSLIPSLVGGLISAFK,P_aeruginosa_ATCC27853,Pseudomonas aeruginosa ATCC 27853,Gram-,3.0,1.5353,0.67,0.4,-0.9,0.65,0.0,1,1,0.0,0.0,0,3.20806,0.6599725000000001,2.5480875000000003,150.0,uM,bancada,experimental,,,,,,,,,0.0,0.010870445344129554,9.0
P11,FFSLIPKLVKGLISAFK,P_aeruginosa_ATCC27853,Pseudomonas aeruginosa ATCC 27853,Gram-,3.0,1.1471,1.842813316496635,0.4,-0.9,0.65,0.0,1,1,0.0,0.0,0,3.482263994948991,0.8856514949489904,2.5966125000000004,9.38,uM,bancada,experimental,,,,,,,,,0.0,0.005,8.0
P12,FFKLIPKLVKGLISAFK,P_aeruginosa_UFPEDA261,Pseudomonas aeruginosa UFPEDA261,Gram-,4.0,0.9647,2.0241789581164626,0.4,-0.9,0.65,0.0,1,1,0.0,0.0,0,4.400193687434939,0.9807811874349388,3.4194125,3.4,uM,literature,experimental,3.4,uM,literature,experimental,,,,,0.9090909090909091,0.8135050797696808,6.0
P16,FFKLIPKLVKKLIKAFK,P_aeruginosa_UFPEDA261,Pseudomonas aeruginosa UFPEDA261,Gram-,7.0,0.5765,0.8,0.4,-0.9,0.65,0.0,1,1,0.0,0.0,0,6.6553,0.7873625,5.8679375,,,,,,,,,,,,,0.9090909090909091,0.7134889645429737,1.0
P17,FLRMIPGLIRGLIRAFR,P_aeruginosa_UFPEDA261,Pseudomonas aeruginosa UFPEDA261,Gram-,5.0,0.8118,0.75,0.4,-0.9,0.65,0.0,1,1,0.0,0.0,0,4.887359999999999,0.648835,4.238524999999999,,,,,,,,,,,,,0.9090909090909091,0.6782349838498739,5.0
P13,FFSLIPKLVGKLISAFK,P_aeruginosa_UFPEDA261,Pseudomonas aeruginosa UFPEDA261,Gram-,4.0,1.1471,0.65,0.4,-0.9,0.65,0.0,1,1,0.0,0.0,0,4.02442,0.6278075000000001,3.3966125,,,,,,,,,,,,,0.5075278101517631,0.527071650047883,7.0
P14,FFSLIPKLVGKLIKAFK,P_aeruginosa_UFPEDA261,Pseudomonas aeruginosa UFPEDA261,Gram-,5.0,0.9647,0.7,0.4,-0.9,0.65,0.0,1,1,0.0,0.0,0,4.90294,0.6835274999999998,4.219412500000001,,,,,,,,,,,,,0.48484848484848486,0.49420417033791475,3.0
P15,FFSLIPSLVKKLIKAFK,P_aeruginosa_UFPEDA261,Pseudomonas aeruginosa UFPEDA261,Gram-,5.0,0.9412,0.7,0.4,-0.9,0.65,0.0,1,1,0.0,0.0,0,4.89824,0.6758899999999999,4.2223500000000005,,,,,,,,,,,,,0.48484848484848486,0.38745575108110636,4.0
P18,FLKMIPRLIKRLISAFK,P_aeruginosa_UFPEDA261,Pseudomonas aeruginosa UFPEDA261,Gram-,6.0,0.6529,0.77,0.4,-0.9,0.65,0.0,1,1,0.0,0.0,0,5.76158,0.7031924999999999,5.0583875,,,,,,,,,,,,,0.48484848484848486,0.3359219475375562,2.0
P05,FLGMIPGLIGGLISAFK,P_aeruginosa_UFPEDA261,Pseudomonas aeruginosa UFPEDA261,Gram-,2.0,1.5471,0.59,0.4,-0.9,0.65,0.0,1,1,0.0,0.0,0,2.28642,0.5398075,1.7466125000000001,,,,,,,,,,,,,0.0,0.0,10.0
P10,FFSLIPSLVGGLISAFK,P_aeruginosa_UFPEDA261,Pseudomonas aeruginosa UFPEDA261,Gram-,3.0,1.5353,0.67,0.4,-0.9,0.65,0.0,1,1,0.0,0.0,0,3.20806,0.6599725000000001,2.5480875000000003,,,,,,,,,,,,,0.0,0.010870445344129554,9.0
P11,FFSLIPKLVKGLISAFK,P_aeruginosa_UFPEDA261,Pseudomonas aeruginosa UFPEDA261,Gram-,3.0,1.1471,1.842813316496635,0.4,-0.9,0.65,0.0,1,1,0.0,0.0,0,3.482263994948991,0.8856514949489904,2.5966125000000004,4.7,uM,literature,experimental,4.7,uM,literature,experimental,,,,,0.0,0.005,8.0
P12,FFKLIPKLVKGLISAFK,P_aeruginosa_UFPEDA262,Pseudomonas aeruginosa UFPEDA262,Gram-,4.0,0.9647,2.0241789581164626,0.4,-0.9,0.65,0.0,1,1,0.0,0.0,0,4.400193687434939,0.9807811874349388,3.4194125,3.4,uM,literature,experimental,3.4,uM,literature,experimental,,,,,0.9090909090909091,0.8135050797696808,6.0
P16,FFKLIPKLVKKLIKAFK,P_aeruginosa_UFPEDA262,Pseudomonas aeruginosa UFPEDA262,Gram-,7.0,0.5765,0.8,0.4,-0.9,0.65,0.0,1,1,0.0,0.0,0,6.6553,0.7873625,5.8679375,,,,,,,,,,,,,0.9090909090909091,0.7134889645429737,1.0
P17,FLRMIPGLIRGLIRAFR,P_aeruginosa_UFPEDA262,Pseudomonas aeruginosa UFPEDA262,Gram-,5.0,0.8118,0.75,0.4,-0.9,0.65,0.0,1,1,0.0,0.0,0,4.887359999999999,0.648835,4.238524999999999,,,,,,,,,,,,,0.9090909090909091,0.6782349838498739,5.0
P13,FFSLIPKLVGKLISAFK,P_aeruginosa_UFPEDA262,Pseudomonas aeruginosa UFPEDA262,Gram-,4.0,1.1471,0.65,0.4,-0.9,0.65,0.0,1,1,0.0,0.0,0,4.02442,0.6278075000000001,3.3966125,,,,,,,,,,,,,0.5075278101517631,0.527071650047883,7.0
P14,FFSLIPKLVGKLIKAFK,P_aeruginosa_UFPEDA262,Pseudomonas aeruginosa UFPEDA262,Gram-,5.0,0.9647,0.7,0.4,-0.9,0.65,0.0,1,1,0.0,0.0,0,4.90294,0.6835274999999998,4.219412500000001,,,,,,,,,,,,,0.48484848484848486,0.49420417033791475,3.0
P15,FFSLIPSLVKKLIKAFK,P_aeruginosa_UFPEDA262,Pseudomonas aeruginosa UFPEDA262,Gram-,5.0,0.9412,0.7,0.4,-0.9,0.65,0.0,1,1,0.0,0.0,0,4.89824,0.6758899999999999,4.2223500000000005,,,,,,,,,,,,,0.48484848484848486,0.38745575108110636,4.0
P18,FLKMIPRLIKRLISAFK,P_aeruginosa_UFPEDA262,Pseudomonas aeruginosa UFPEDA262,Gram-,6.0,0.6529,0.77,0.4,-0.9,0.65,0.0,1,1,0.0,0.0,0,5.76158,0.7031924999999999,5.0583875,,,,,,,,,,,,,0.48484848484848486,0.3359219475375562,2.0
P05,FLGMIPGLIGGLISAFK,P_aeruginosa_UFPEDA262,Pseudomonas aeruginosa UFPEDA262,Gram-,2.0,1.5471,0.59,0.4,-0.9,0.65,0.0,1,1,0.0,0.0,0,2.28642,0.5398075,1.7466125000000001,,,,,,,,,,,,,0.0,0.0,10.0
P10,FFSLIPSLVGGLISAFK,P_aeruginosa_UFPEDA262,Pseudomonas aeruginosa UFPEDA262,Gram-,3.0,1.5353,0.67,0.4,-0.9,0.65,0.0,1,1,0.0,0.0,0,3.20806,0.6599725000000001,2.5480875000000003,,,,,,,,,,,,,0.0,0.010870445344129554,9.0
P11,FFSLIPKLVKGLISAFK,P_aeruginosa_UFPEDA262,Pseudomonas aeruginosa UFPEDA262,Gram-,3.0,1.1471,1.842813316496635,0.4,-0.9,0.65,0.0,1,1,0.0,0.0,0,3.482263994948991,0.8856514949489904,2.5966125000000004,4.7,uM,literature,experimental,4.7,uM,literature,experimental,,,,,0.0,0.005,8.0
P13,FFSLIPKLVGKLISAFK,RBC_human,Hemácias humanas (eritócitos),mamífero (hemólise),4.0,1.1471,0.65,0.65,-0.15,0.12,0.9,0,0,0.0,0.9,0,0.8078075,0.6278075000000001,0.17999999999999994,,,,,,,,,,,,,0.06144329129743654,0.12096416741153584,8.0
P17,FLRMIPGLIRGLIRAFR,RBC_human,Hemácias humanas (eritócitos),mamífero (hemólise),5.0,0.8118,0.75,0.65,-0.15,0.12,0.9,0,0,0.0,0.9,0,0.8788349999999998,0.648835,0.22999999999999976,,,,,,,,,,,,,0.004372813056039091,0.09548416495784917,7.0
P05,FLGMIPGLIGGLISAFK,RBC_human,Hemácias humanas (eritócitos),mamífero (hemólise),2.0,1.5471,0.59,0.65,-0.15,0.12,0.9,0,0,0.0,0.9,0,0.6198074999999998,0.5398075,0.07999999999999985,,,,,,,,,,,,,0.0,0.0,10.0
P10,FFSLIPSLVGGLISAFK,RBC_human,Hemácias humanas (eritócitos),mamífero (hemólise),3.0,1.5353,0.67,0.65,-0.15,0.12,0.9,0,0,0.0,0.9,0,0.7899725,0.6599725000000001,0.1299999999999999,,,,,,,,,5.8,percent,bancada,experimental,0.0,0.003947368421052631,9.0
P11,FFSLIPKLVKGLISAFK,RBC_human,Hemácias humanas (eritócitos),mamífero (hemólise),3.0,1.1471,1.842813316496635,0.65,-0.15,0.12,0.9,0,0,0.0,0.9,0,1.0156514949489903,0.8856514949489904,0.1299999999999999,,,,,,,,,30.0,percent,bancada,experimental,0.0,0.07039466629496745,3.0
P12,FFKLIPKLVKGLISAFK,RBC_human,Hemácias humanas (eritócitos),mamífero (hemólise),4.0,0.9647,2.0241789581164626,0.65,-0.15,0.12,0.9,0,0,0.0,0.9,0,1.1607811874349387,0.9807811874349388,0.17999999999999994,,,,,,,,,30.0,percent,bancada,experimental,0.0,0.08997134444502866,1.0
P14,FFSLIPKLVGKLIKAFK,RBC_human,Hemácias humanas (eritócitos),mamífero (hemólise),5.0,0.9647,0.7,0.65,-0.15,0.12,0.9,0,0,0.0,0.9,0,0.9135274999999998,0.6835274999999998,0.22999999999999998,,,,,,,,,,,,,0.0,0.08618346565714986,5.0
P15,FFSLIPSLVKKLIKAFK,RBC_human,Hemácias humanas (eritócitos),mamífero (hemólise),5.0,0.9412,0.7,0.65,-0.15,0.12,0.9,0,0,0.0,0.9,0,0.9058899999999999,0.6758899999999999,0.22999999999999998,,,,,,,,,18.5,percent,bancada,experimental,0.0,0.07766979838187268,6.0
P16,FFKLIPKLVKKLIKAFK,RBC_human,Hemácias humanas (eritócitos),mamífero (hemólise),7.0,0.5765,0.8,0.65,-0.15,0.12,0.9,0,0,0.0,0.9,0,1.1173625,0.7873625,0.33000000000000007,,,,,,,,,11.2,percent,bancada,experimental,0.0,0.08704982152350574,2.0
P18,FLKMIPRLIKRLISAFK,RBC_human,Hemácias humanas (eritócitos),mamífero (hemólise),6.0,0.6529,0.77,0.65,-0.15,0.12,0.9,0,0,0.0,0.9,0,0.9831924999999997,0.7031924999999999,0.2799999999999998,,,,,,,,,,,,,0.0,0.0848170542907385,4.0
P11,FFSLIPKLVKGLISAFK,S_aureus_ATCC29213,Staphylococcus aureus ATCC 29213,Gram+,3.0,1.1471,1.842813316496635,0.45,-0.8,0.6,0.0,0,1,0.0,0.0,0,3.2109414949489907,0.8856514949489904,2.3252900000000003,2.34,uM,bancada,experimental,,,,,,,,,0.9090909090909091,0.7452007479152358,8.0
P12,FFKLIPKLVKGLISAFK,S_aureus_ATCC29213,Staphylococcus aureus ATCC 29213,Gram+,4.0,0.9647,2.0241789581164626,0.45,-0.8,0.6,0.0,0,1,0.0,0.0,0,4.0243111874349395,0.9807811874349388,3.0435300000000005,2.34,uM,bancada,experimental,,,,,,,,,0.9090909090909091,1.0,6.0
P13,FFSLIPKLVGKLISAFK,S_aureus_ATCC29213,Staphylococcus aureus ATCC 29213,Gram+,4.0,1.1471,0.65,0.45,-0.8,0.6,0.0,0,1,0.0,0.0,0,3.6530975,0.6278075000000001,3.02529,2.34,uM,bancada,experimental,,,,,,,,,0.9090909090909091,0.9869444444444444,7.0
P14,FFSLIPKLVGKLIKAFK,S_aureus_ATCC29213,Staphylococcus aureus ATCC 29213,Gram+,5.0,0.9647,0.7,0.45,-0.8,0.6,0.0,0,1,0.0,0.0,0,4.4270575,0.6835274999999998,3.7435300000000002,2.34,uM,bancada,experimental,,,,,,,,,0.9090909090909091,0.9835512355158451,3.0
P15,FFSLIPSLVKKLIKAFK,S_aureus_ATCC29213,Staphylococcus aureus ATCC 29213,Gram+,5.0,0.9412,0.7,0.45,-0.8,0.6,0.0,0,1,0.0,0.0,0,4.4217699999999995,0.6758899999999999,3.7458799999999997,1.2,uM,bancada,experimental,,,,,,,,,0.9090909090909091,0.6820996097161683,4.0
P16,FFKLIPKLVKKLIKAFK,S_aureus_ATCC29213,Staphylococcus aureus ATCC 29213,Gram+,7.0,0.5765,0.8,0.45,-0.8,0.6,0.0,0,1,0.0,0.0,0,5.969712500000001,0.7873625,5.182350000000001,2.3,uM,bancada,experimental,,,,,,,,,0.9090909090909091,0.9922291235334714,1.0
P17,FLRMIPGLIRGLIRAFR,S_aureus_ATCC29213,Staphylococcus aureus ATCC 29213,Gram+,5.0,0.8118,0.75,0.45,-0.8,0.6,0.0,0,1,0.0,0.0,0,4.407654999999999,0.648835,3.758819999999999,2.51,uM,bancada,experimental,,,,,,,,,0.9090909090909091,0.986759238885955,5.0
P18,FLKMIPRLIKRLISAFK,S_aureus_ATCC29213,Staphylococcus aureus ATCC 29213,Gram+,6.0,0.6529,0.77,0.45,-0.8,0.6,0.0,0,1,0.0,0.0,0,5.177902500000001,0.7031924999999999,4.474710000000001,2.56,uM,bancada,experimental,,,,,,,,,0.9090909090909091,0.6955753533583043,2.0
P05,FLGMIPGLIGGLISAFK,S_aureus_ATCC29213,Staphylococcus aureus ATCC 29213,Gram+,2.0,1.5471,0.59,0.45,-0.8,0.6,0.0,0,1,0.0,0.0,0,2.1250975,0.5398075,1.5852899999999999,9.98,uM,bancada,experimental,,,,,,,,,0.0,0.0,10.0
P10,FFSLIPSLVGGLISAFK,S_aureus_ATCC29213,Staphylococcus aureus ATCC 29213,Gram+,3.0,1.5353,0.67,0.45,-0.8,0.6,0.0,0,1,0.0,0.0,0,2.9464425000000003,0.6599725000000001,2.2864700000000004,9.4,uM,bancada,experimental,,,,,,,,,0.0,0.020870445344129553,9.0
P11,FFSLIPKLVKGLISAFK,S_aureus_UFPEDA1040,Staphylococcus aureus UFPEDA1040,Gram+,3.0,1.1471,1.842813316496635,0.45,-0.8,0.6,0.0,0,1,0.0,0.0,0,3.2109414949489907,0.8856514949489904,2.3252900000000003,4.7,uM,literature,experimental,4.7,uM,literature,experimental,,,,,0.9090909090909091,0.7452007479152358,8.0
P12,FFKLIPKLVKGLISAFK,S_aureus_UFPEDA1040,Staphylococcus aureus UFPEDA1040,Gram+,4.0,0.9647,2.0241789581164626,0.45,-0.8,0.6,0.0,0,1,0.0,0.0,0,4.0243111874349395,0.9807811874349388,3.0435300000000005,2.3,uM,literature,experimental,2.3,uM,literature,experimental,,,,,0.9090909090909091,1.0,6.0
P13,FFSLIPKLVGKLISAFK,S_aureus_UFPEDA1040,Staphylococcus aureus UFPEDA1040,Gram+,4.0,1.1471,0.65,0.45,-0.8,0.6,0.0,0,1,0.0,0.0,0,3.6530975,0.6278075000000001,3.02529,,,,,,,,,,,,,0.9090909090909091,0.9869444444444444,7.0
P14,FFSLIPKLVGKLIKAFK,S_aureus_UFPEDA1040,Staphylococcus aureus UFPEDA1040,Gram+,5.0,0.9647,0.7,0.45,-0.8,0.6,0.0,0,1,0.0,0.0,0,4.4270575,0.6835274999999998,3.7435300000000002,,,,,,,,,,,,,0.9090909090909091,0.9835512355158451,3.0
P15,FFSLIPSLVKKLIKAFK,S_aureus_UFPEDA1040,Staphylococcus aureus UFPEDA1040,Gram+,5.0,0.9412,0.7,0.45,-0.8,0.6,0.0,0,1,0.0,0.0,0,4.4217699999999995,0.6758899999999999,3.7458799999999997,,,,,,,,,,,,,0.9090909090909091,0.6820996097161683,4.0
P16,FFKLIPKLVKKLIKAFK,S_aureus_UFPEDA1040,Staphylococcus aureus UFPEDA1040,Gram+,7.0,0.5765,0.8,0.45,-0.8,0.6,0.0,0,1,0.0,0.0,0,5.969712500000001,0.7873625,5.182350000000001,,,,,,,,,,,,,0.9090909090909091,0.9922291235334714,1.0
P17,FLRMIPGLIRGLIRAFR,S_aureus_UFPEDA1040,Staphylococcus aureus UFPEDA1040,Gram+,5.0,0.8118,0.75,0.45,-0.8,0.6,0.0,0,1,0.0,0.0,0,4.407654999999999,0.648835,3.758819999999999,,,,,,,,,,,,,0.9090909090909091,0.986759238885955,5.0
P18,FLKMIPRLIKRLISAFK,S_aureus_UFPEDA1040,Staphylococcus aureus UFPEDA1040,Gram+,6.0,0.6529,0.77,0.45,-0.8,0.6,0.0,0,1,0.0,0.0,0,5.177902500000001,0.7031924999999999,4.474710000000001,,,,,,,,,,,,,0.9090909090909091,0.6955753533583043,2.0
P05,FLGMIPGLIGGLISAFK,S_aureus_UFPEDA1040,Staphylococcus aureus UFPEDA1040,Gram+,2.0,1.5471,0.59,0.45,-0.8,0.6,0.0,0,1,0.0,0.0,0,2.1250975,0.5398075,1.5852899999999999,,,,,,,,,,,,,0.0,0.0,10.0
P10,FFSLIPSLVGGLISAFK,S_aureus_UFPEDA1040,Staphylococcus aureus UFPEDA1040,Gram+,3.0,1.5353,0.67,0.45,-0.8,0.6,0.0,0,1,0.0,0.0,0,2.9464425000000003,0.6599725000000001,2.2864700000000004,,,,,,,,,,,,,0.0,0.020870445344129553,9.0
P11,FFSLIPKLVKGLISAFK,S_aureus_UFPEDA1051,Staphylococcus aureus UFPEDA1051,Gram+,3.0,1.1471,1.842813316496635,0.45,-0.8,0.6,0.0,0,1,0.0,0.0,0,3.2109414949489907,0.8856514949489904,2.3252900000000003,2.3,uM,literature,experimental,3.4,uM,literature,experimental,,,,,0.9090909090909091,0.7452007479152358,8.0
P12,FFKLIPKLVKGLISAFK,S_aureus_UFPEDA1051,Staphylococcus aureus UFPEDA1051,Gram+,4.0,0.9647,2.0241789581164626,0.45,-0.8,0.6,0.0,0,1,0.0,0.0,0,4.0243111874349395,0.9807811874349388,3.0435300000000005,2.3,uM,literature,experimental,3.4,uM,literature,experimental,,,,,0.9090909090909091,1.0,6.0
P13,FFSLIPKLVGKLISAFK,S_aureus_UFPEDA1051,Staphylococcus aureus UFPEDA1051,Gram+,4.0,1.1471,0.65,0.45,-0.8,0.6,0.0,0,1,0.0,0.0,0,3.6530975,0.6278075000000001,3.02529,,,,,,,,,,,,,0.9090909090909091,0.9869444444444444,7.0
P14,FFSLIPKLVGKLIKAFK,S_aureus_UFPEDA1051,Staphylococcus aureus UFPEDA1051,Gram+,5.0,0.9647,0.7,0.45,-0.8,0.6,0.0,0,1,0.0,0.0,0,4.4270575,0.6835274999999998,3.7435300000000002,,,,,,,,,,,,,0.9090909090909091,0.9835512355158451,3.0
P15,FFSLIPSLVKKLIKAFK,S_aureus_UFPEDA1051,Staphylococcus aureus UFPEDA1051,Gram+,5.0,0.9412,0.7,0.45,-0.8,0.6,0.0,0,1,0.0,0.0,0,4.4217699999999995,0.6758899999999999,3.7458799999999997,,,,,,,,,,,,,0.9090909090909091,0.6820996097161683,4.0
P16,FFKLIPKLVKKLIKAFK,S_aureus_UFPEDA1051,Staphylococcus aureus UFPEDA1051,Gram+,7.0,0.5765,0.8,0.45,-0.8,0.6,0.0,0,1,0.0,0.0,0,5.969712500000001,0.7873625,5.182350000000001,,,,,,,,,,,,,0.9090909090909091,0.9922291235334714,1.0
P17,FLRMIPGLIRGLIRAFR,S_aureus_UFPEDA1051,Staphylococcus aureus UFPEDA1051,Gram+,5.0,0.8118,0.75,0.45,-0.8,0.6,0.0,0,1,0.0,0.0,0,4.407654999999999,0.648835,3.758819999999999,,,,,,,,,,,,,0.9090909090909091,0.986759238885955,5.0
P18,FLKMIPRLIKRLISAFK,S_aureus_UFPEDA1051,Staphylococcus aureus UFPEDA1051,Gram+,6.0,0.6529,0.77,0.45,-0.8,0.6,0.0,0,1,0.0,0.0,0,5.177902500000001,0.7031924999999999,4.474710000000001,,,,,,,,,,,,,0.9090909090909091,0.6955753533583043,2.0
P05,FLGMIPGLIGGLISAFK,S_aureus_UFPEDA1051,Staphylococcus aureus UFPEDA1051,Gram+,2.0,1.5471,0.59,0.45,-0.8,0.6,0.0,0,1,0.0,0.0,0,2.1250975,0.5398075,1.5852899999999999,24.98,uM,bancada,experimental,,,,,,,,,0.0,0.0,10.0
P10,FFSLIPSLVGGLISAFK,S_aureus_UFPEDA1051,Staphylococcus aureus UFPEDA1051,Gram+,3.0,1.5353,0.67,0.45,-0.8,0.6,0.0,0,1,0.0,0.0,0,2.9464425000000003,0.6599725000000001,2.2864700000000004,,,,,,,,,,,,,0.0,0.020870445344129553,9.0
P11,FFSLIPKLVKGLISAFK,S_aureus_UFPEDA1058,Staphylococcus aureus UFPEDA1058,Gram+,3.0,1.1471,1.842813316496635,0.45,-0.8,0.6,0.0,0,1,0.0,0.0,0,3.2109414949489907,0.8856514949489904,2.3252900000000003,2.3,uM,literature,experimental,2.3,uM,literature,experimental,,,,,0.9090909090909091,0.7452007479152358,8.0
P12,FFKLIPKLVKGLISAFK,S_aureus_UFPEDA1058,Staphylococcus aureus UFPEDA1058,Gram+,4.0,0.9647,2.0241789581164626,0.45,-0.8,0.6,0.0,0,1,0.0,0.0,0,4.0243111874349395,0.9807811874349388,3.0435300000000005,2.3,uM,literature,experimental,2.3,uM,literature,experimental,,,,,0.9090909090909091,1.0,6.0
P13,FFSLIPKLVGKLISAFK,S_aureus_UFPEDA1058,Staphylococcus aureus UFPEDA1058,Gram+,4.0,1.1471,0.65,0.45,-0.8,0.6,0.0,0,1,0.0,0.0,0,3.6530975,0.6278075000000001,3.02529,1.87,uM,bancada,experimental,,,,,,,,,0.9090909090909091,0.9869444444444444,7.0
P14,FFSLIPKLVGKLIKAFK,S_aureus_UFPEDA1058,Staphylococcus aureus UFPEDA1058,Gram+,5.0,0.9647,0.7,0.45,-0.8,0.6,0.0,0,1,0.0,0.0,0,4.4270575,0.6835274999999998,3.7435300000000002,1.87,uM,bancada,experimental,,,,,,,,,0.9090909090909091,0.9835512355158451,3.0
P15,FFSLIPSLVKKLIKAFK,S_aureus_UFPEDA1058,Staphylococcus aureus UFPEDA1058,Gram+,5.0,0.9412,0.7,0.45,-0.8,0.6,0.0,0,1,0.0,0.0,0,4.4217699999999995,0.6758899999999999,3.7458799999999997,,,,,,,,,,,,,0.9090909090909091,0.6820996097161683,4.0
P16,FFKLIPKLVKKLIKAFK,S_aureus_UFPEDA1058,Staphylococcus aureus UFPEDA1058,Gram+,7.0,0.5765,0.8,0.45,-0.8,0.6,0.0,0,1,0.0,0.0,0,5.969712500000001,0.7873625,5.182350000000001,,,,,,,,,,,,,0.9090909090909091,0.9922291235334714,1.0
P17,FLRMIPGLIRGLIRAFR,S_aureus_UFPEDA1058,Staphylococcus aureus UFPEDA1058,Gram+,5.0,0.8118,0.75,0.45,-0.8,0.6,0.0,0,1,0.0,0.0,0,4.407654999999999,0.648835,3.758819999999999,,,,,,,,,,,,,0.9090909090909091,0.986759238885955,5.0
P18,FLKMIPRLIKRLISAFK,S_aureus_UFPEDA1058,Staphylococcus aureus UFPEDA1058,Gram+,6.0,0.6529,0.77,0.45,-0.8,0.6,0.0,0,1,0.0,0.0,0,5.177902500000001,0.7031924999999999,4.474710000000001,,,,,,,,,,,,,0.9090909090909091,0.6955753533583043,2.0
P05,FLGMIPGLIGGLISAFK,S_aureus_UFPEDA1058,Staphylococcus aureus UFPEDA1058,Gram+,2.0,1.5471,0.59,0.45,-0.8,0.6,0.0,0,1,0.0,0.0,0,2.1250975,0.5398075,1.5852899999999999,24.98,uM,bancada,experimental,,,,,,,,,0.0,0.0,10.0
P10,FFSLIPSLVGGLISAFK,S_aureus_UFPEDA1058,Staphylococcus aureus UFPEDA1058,Gram+,3.0,1.5353,0.67,0.45,-0.8,0.6,0.0,0,1,0.0,0.0,0,2.9464425000000003,0.6599725000000001,2.2864700000000004,,,,,,,,,,,,,0.0,0.020870445344129553,9.0
P11,FFSLIPKLVKGLISAFK,S_aureus_UFPEDA1059,Staphylococcus aureus UFPEDA1059,Gram+,3.0,1.1471,1.842813316496635,0.45,-0.8,0.6,0.0,0,1,0.0,0.0,0,3.2109414949489907,0.8856514949489904,2.3252900000000003,4.7,uM,literature,experimental,4.7,uM,literature,experimental,,,,,0.9090909090909091,0.7452007479152358,8.0
P12,FFKLIPKLVKGLISAFK,S_aureus_UFPEDA1059,Staphylococcus aureus UFPEDA1059,Gram+,4.0,0.9647,2.0241789581164626,0.45,-0.8,0.6,0.0,0,1,0.0,0.0,0,4.0243111874349395,0.9807811874349388,3.0435300000000005,2.3,uM,literature,experimental,2.3,uM,literature,experimental,,,,,0.9090909090909091,1.0,6.0
P13,FFSLIPKLVGKLISAFK,S_aureus_UFPEDA1059,Staphylococcus aureus UFPEDA1059,Gram+,4.0,1.1471,0.65,0.45,-0.8,0.6,0.0,0,1,0.0,0.0,0,3.6530975,0.6278075000000001,3.02529,,,,,,,,,,,,,0.9090909090909091,0.9869444444444444,7.0
P14,FFSLIPKLVGKLIKAFK,S_aureus_UFPEDA1059,Staphylococcus aureus UFPEDA1059,Gram+,5.0,0.9647,0.7,0.45,-0.8,0.6,0.0,0,1,0.0,0.0,0,4.4270575,0.6835274999999998,3.7435300000000002,,,,,,,,,,,,,0.9090909090909091,0.9835512355158451,3.0
P15,FFSLIPSLVKKLIKAFK,S_aureus_UFPEDA1059,Staphylococcus aureus UFPEDA1059,Gram+,5.0,0.9412,0.7,0.45,-0.8,0.6,0.0,0,1,0.0,0.0,0,4.4217699999999995,0.6758899999999999,3.7458799999999997,,,,,,,,,,,,,0.9090909090909091,0.6820996097161683,4.0
P16,FFKLIPKLVKKLIKAFK,S_aureus_UFPEDA1059,Staphylococcus aureus UFPEDA1059,Gram+,7.0,0.5765,0.8,0.45,-0.8,0.6,0.0,0,1,0.0,0.0,0,5.969712500000001,0.7873625,5.182350000000001,,,,,,,,,,,,,0.9090909090909091,0.9922291235334714,1.0
P17,FLRMIPGLIRGLIRAFR,S_aureus_UFPEDA1059,Staphylococcus aureus UFPEDA1059,Gram+,5.0,0.8118,0.75,0.45,-0.8,0.6,0.0,0,1,0.0,0.0,0,4.407654999999999,0.648835,3.758819999999999,2.51,uM,bancada,experimental,,,,,,,,,0.9090909090909091,0.986759238885955,5.0
P18,FLKMIPRLIKRLISAFK,S_aureus_UFPEDA1059,Staphylococcus aureus UFPEDA1059,Gram+,6.0,0.6529,0.77,0.45,-0.8,0.6,0.0,0,1,0.0,0.0,0,5.177902500000001,0.7031924999999999,4.474710000000001,2.5,uM,bancada,experimental,,,,,,,,,0.9090909090909091,0.6955753533583043,2.0
P05,FLGMIPGLIGGLISAFK,S_aureus_UFPEDA1059,Staphylococcus aureus UFPEDA1059,Gram+,2.0,1.5471,0.59,0.45,-0.8,0.6,0.0,0,1,0.0,0.0,0,2.1250975,0.5398075,1.5852899999999999,21.96,uM,bancada,experimental,,,,,,,,,0.0,0.0,10.0
P10,FFSLIPSLVGGLISAFK,S_aureus_UFPEDA1059,Staphylococcus aureus UFPEDA1059,Gram+,3.0,1.5353,0.67,0.45,-0.8,0.6,0.0,0,1,0.0,0.0,0,2.9464425000000003,0.6599725000000001,2.2864700000000004,,,,,,,,,,,,,0.0,0.020870445344129553,9.0
P11,FFSLIPKLVKGLISAFK,S_epidermidis_ATCC12228,Staphylococcus epidermidis ATCC 12228,Gram+,3.0,1.1471,1.842813316496635,0.45,-0.8,0.6,0.0,0,1,0.0,0.0,0,3.2109414949489907,0.8856514949489904,2.3252900000000003,1.17,uM,bancada,experimental,,,,,,,,,0.9090909090909091,0.7452007479152358,8.0
P12,FFKLIPKLVKGLISAFK,S_epidermidis_ATCC12228,Staphylococcus epidermidis ATCC 12228,Gram+,4.0,0.9647,2.0241789581164626,0.45,-0.8,0.6,0.0,0,1,0.0,0.0,0,4.0243111874349395,0.9807811874349388,3.0435300000000005,1.17,uM,bancada,experimental,,,,,,,,,0.9090909090909091,1.0,6.0
P13,FFSLIPKLVGKLISAFK,S_epidermidis_ATCC12228,Staphylococcus epidermidis ATCC 12228,Gram+,4.0,1.1471,0.65,0.45,-0.8,0.6,0.0,0,1,0.0,0.0,0,3.6530975,0.6278075000000001,3.02529,1.17,uM,bancada,experimental,,,,,,,,,0.9090909090909091,0.9869444444444444,7.0
P14,FFSLIPKLVGKLIKAFK,S_epidermidis_ATCC12228,Staphylococcus epidermidis ATCC 12228,Gram+,5.0,0.9647,0.7,0.45,-0.8,0.6,0.0,0,1,0.0,0.0,0,4.4270575,0.6835274999999998,3.7435300000000002,1.17,uM,bancada,experimental,,,,,,,,,0.9090909090909091,0.9835512355158451,3.0
P15,FFSLIPSLVKKLIKAFK,S_epidermidis_ATCC12228,Staphylococcus epidermidis ATCC 12228,Gram+,5.0,0.9412,0.7,0.45,-0.8,0.6,0.0,0,1,0.0,0.0,0,4.4217699999999995,0.6758899999999999,3.7458799999999997,2.3,uM,bancada,experimental,,,,,,,,,0.9090909090909091,0.6820996097161683,4.0
P16,FFKLIPKLVKKLIKAFK,S_epidermidis_ATCC12228,Staphylococcus epidermidis ATCC 12228,Gram+,7.0,0.5765,0.8,0.45,-0.8,0.6,0.0,0,1,0.0,0.0,0,5.969712500000001,0.7873625,5.182350000000001,2.3,uM,bancada,experimental,,,,,,,,,0.9090909090909091,0.9922291235334714,1.0
P17,FLRMIPGLIRGLIRAFR,S_epidermidis_ATCC12228,Staphylococcus epidermidis ATCC 12228,Gram+,5.0,0.8118,0.75,0.45,-0.8,0.6,0.0,0,1,0.0,0.0,0,4.407654999999999,0.648835,3.758819999999999,,,,,,,,,,,,,0.9090909090909091,0.986759238885955,5.0
P18,FLKMIPRLIKRLISAFK,S_epidermidis_ATCC12228,Staphylococcus epidermidis ATCC 12228,Gram+,6.0,0.6529,0.77,0.45,-0.8,0.6,0.0,0,1,0.0,0.0,0,5.177902500000001,0.7031924999999999,4.474710000000001,,,,,,,,,,,,,0.9090909090909091,0.6955753533583043,2.0
P05,FLGMIPGLIGGLISAFK,S_epidermidis_ATCC12228,Staphylococcus epidermidis ATCC 12228,Gram+,2.0,1.5471,0.59,0.45,-0.8,0.6,0.0,0,1,0.0,0.0,0,2.1250975,0.5398075,1.5852899999999999,9.0,uM,bancada,experimental,,,,,,,,,0.0,0.0,10.0
P10,FFSLIPSLVGGLISAFK,S_epidermidis_ATCC12228,Staphylococcus epidermidis ATCC 12228,Gram+,3.0,1.5353,0.67,0.45,-0.8,0.6,0.0,0,1,0.0,0.0,0,2.9464425000000003,0.6599725000000001,2.2864700000000004,9.4,uM,bancada,experimental,,,,,,,,,0.0,0.020870445344129553,9.0
P16,FFKLIPKLVKKLIKAFK,T_cruzi,Trypanosoma cruzi,parasita,7.0,0.5765,0.8,0.55,-0.5,0.3,0.0,0,0,0.7,0.5599999999999999,0,3.6745374999999996,0.7873625,2.8871749999999996,,,,,,,,,,,,,0.48484848484848486,0.34611111111111115,1.0
P05,FLGMIPGLIGGLISAFK,T_cruzi,Trypanosoma cruzi,parasita,2.0,1.5471,0.59,0.55,-0.5,0.3,0.0,0,0,0.7,0.5599999999999999,0,1.3784525,0.5398075,0.8386450000000001,,,,,,,,,,,,,0.0,0.0,10.0
P10,FFSLIPSLVGGLISAFK,T_cruzi,Trypanosoma cruzi,parasita,3.0,1.5353,0.67,0.55,-0.5,0.3,0.0,0,0,0.7,0.5599999999999999,0,1.8992075,0.6599725000000001,1.2392349999999999,,,,,,,,,,,,,0.0,0.0,9.0
P11,FFSLIPKLVKGLISAFK,T_cruzi,Trypanosoma cruzi,parasita,3.0,1.1471,1.842813316496635,0.55,-0.5,0.3,0.0,0,0,0.7,0.5599999999999999,0,2.144296494948991,0.8856514949489904,1.2586450000000005,,,,,,,,,,,,,0.0,0.0,8.0
P12,FFKLIPKLVKGLISAFK,T_cruzi,Trypanosoma cruzi,parasita,4.0,0.9647,2.0241789581164626,0.55,-0.5,0.3,0.0,0,0,0.7,0.5599999999999999,0,2.648546187434939,0.9807811874349388,1.6677650000000004,,,,,,,,,,,,,0.0,0.0,6.0
P13,FFSLIPKLVGKLISAFK,T_cruzi,Trypanosoma cruzi,parasita,4.0,1.1471,0.65,0.55,-0.5,0.3,0.0,0,0,0.7,0.5599999999999999,0,2.2864525,0.6278075000000001,1.6586450000000001,,,,,,,,,,,,,0.0,0.04,7.0
P14,FFSLIPKLVGKLIKAFK,T_cruzi,Trypanosoma cruzi,parasita,5.0,0.9647,0.7,0.55,-0.5,0.3,0.0,0,0,0.7,0.5599999999999999,0,2.7512925,0.6835274999999998,2.067765,,,,,,,,,,,,,0.0,0.01,3.0
P15,FFSLIPSLVKKLIKAFK,T_cruzi,Trypanosoma cruzi,parasita,5.0,0.9412,0.7,0.55,-0.5,0.3,0.0,0,0,0.7,0.5599999999999999,0,2.7448300000000003,0.6758899999999999,2.0689400000000004,,,,,,,,,,,,,0.0,0.01,4.0
P17,FLRMIPGLIRGLIRAFR,T_cruzi,Trypanosoma cruzi,parasita,5.0,0.8118,0.75,0.55,-0.5,0.3,0.0,0,0,0.7,0.5599999999999999,0,2.724245,0.648835,2.0754099999999998,,,,,,,,,,,,,0.0,0.01,5.0
P18,FLKMIPRLIKRLISAFK,T_cruzi,Trypanosoma cruzi,parasita,6.0,0.6529,0.77,0.55,-0.5,0.3,0.0,0,0,0.7,0.5599999999999999,0,3.1865474999999996,0.7031924999999999,2.4833549999999995,,,,,,,,,,,,,0.0,0.04466165413533834,2.0
P13,FFSLIPKLVGKLISAFK,Zika_PE243,Zika virus PE243,vírus envelopado,4.0,1.1471,0.65,0.6,-0.3,0.2,0.7,0,0,0.0,0.7,1,1.45913,0.6278075000000001,0.8313225,,,,,,,,,,,,,0.06144329129743654,0.12096416741153584,8.0
P17,FLRMIPGLIRGLIRAFR,Zika_PE243,Zika virus PE243,vírus envelopado,5.0,0.8118,0.75,0.6,-0.3,0.2,0.7,0,0,0.0,0.7,1,1.68854,0.648835,1.0397049999999999,,,,,,,,,,,,,0.004372813056039091,0.09548416495784917,6.0
P05,FLGMIPGLIGGLISAFK,Zika_PE243,Zika virus PE243,vírus envelopado,2.0,1.5471,0.59,0.6,-0.3,0.2,0.7,0,0,0.0,0.7,1,0.96113,0.5398075,0.42132250000000004,,,,,,,,,,,,,0.0,0.0,10.0
P10,FFSLIPSLVGGLISAFK,Zika_PE243,Zika virus PE243,vírus envelopado,3.0,1.5353,0.67,0.6,-0.3,0.2,0.7,0,0,0.0,0.7,1,1.28159,0.6599725000000001,0.6216174999999999,,,,,,,,,,,,,0.0,0.003947368421052631,9.0
P11,FFSLIPKLVKGLISAFK,Zika_PE243,Zika virus PE243,vírus envelopado,3.0,1.1471,1.842813316496635,0.6,-0.3,0.2,0.7,0,0,0.0,0.7,1,1.5169739949489904,0.8856514949489904,0.6313225,,,,,,,,,,,,,0.0,0.07039466629496745,7.0
P12,FFKLIPKLVKGLISAFK,Zika_PE243,Zika virus PE243,vírus envelopado,4.0,0.9647,2.0241789581164626,0.6,-0.3,0.2,0.7,0,0,0.0,0.7,1,1.8166636874349387,0.9807811874349388,0.8358824999999999,,,,,,,,,,,,,0.0,0.08997134444502866,3.0
P14,FFSLIPKLVGKLIKAFK,Zika_PE243,Zika virus PE243,vírus envelopado,5.0,0.9647,0.7,0.6,-0.3,0.2,0.7,0,0,0.0,0.7,1,1.7194099999999999,0.6835274999999998,1.0358825,,,,,,,,,,,,,0.0,0.08618346565714986,4.0
P15,FFSLIPSLVKKLIKAFK,Zika_PE243,Zika virus PE243,vírus envelopado,5.0,0.9412,0.7,0.6,-0.3,0.2,0.7,0,0,0.0,0.7,1,1.7123599999999999,0.6758899999999999,1.03647,,,,,,,,,,,,,0.0,0.07766979838187268,5.0
P16,FFKLIPKLVKKLIKAFK,Zika_PE243,Zika virus PE243,vírus envelopado,7.0,0.5765,0.8,0.6,-0.3,0.2,0.7,0,0,0.0,0.7,1,2.23295,0.7873625,1.4455875000000002,,,,,,,,,,,,,0.0,0.08704982152350574,1.0
P18,FLKMIPRLIKRLISAFK,Zika_PE243,Zika virus PE243,vírus envelopado,6.0,0.6529,0.77,0.6,-0.3,0.2,0.7,0,0,0.0,0.7,1,1.9468699999999999,0.7031924999999999,1.2436775,,,,,,,,,,,,,0.0,0.0848170542907385,2.0
P13,FFSLIPKLVGKLISAFK,cell_normal,célula mamífera normal,mamífero normal,4.0,1.1471,0.65,0.65,-0.1,0.1,0.85,0,0,0.0,0.85,0,0.6278075000000001,0.6278075000000001,0.0,,,,,,,,,,,,,0.06144329129743654,0.12096416741153584,9.0
P17,FLRMIPGLIRGLIRAFR,cell_normal,célula mamífera normal,mamífero normal,5.0,0.8118,0.75,0.65,-0.1,0.1,0.85,0,0,0.0,0.85,0,0.648835,0.648835,0.0,,,,,,,,,,,,,0.004372813056039091,0.09548416495784917,8.0
P05,FLGMIPGLIGGLISAFK,cell_normal,célula mamífera normal,mamífero normal,2.0,1.5471,0.59,0.65,-0.1,0.1,0.85,0,0,0.0,0.85,0,0.5398075,0.5398075,0.0,,,,,,,,,,,,,0.0,0.0,10.0
P10,FFSLIPSLVGGLISAFK,cell_normal,célula mamífera normal,mamífero normal,3.0,1.5353,0.67,0.65,-0.1,0.1,0.85,0,0,0.0,0.85,0,0.6599725000000001,0.6599725000000001,0.0,,,,,,,,,,,,,0.0,0.003947368421052631,7.0
P11,FFSLIPKLVKGLISAFK,cell_normal,célula mamífera normal,mamífero normal,3.0,1.1471,1.842813316496635,0.65,-0.1,0.1,0.85,0,0,0.0,0.85,0,0.8856514949489904,0.8856514949489904,0.0,,,,,,,,,,,,,0.0,0.07039466629496745,2.0
P12,FFKLIPKLVKGLISAFK,cell_normal,célula mamífera normal,mamífero normal,4.0,0.9647,2.0241789581164626,0.65,-0.1,0.1,0.85,0,0,0.0,0.85,0,0.9807811874349388,0.9807811874349388,0.0,,,,,,,,,,,,,0.0,0.08997134444502866,1.0
P14,FFSLIPKLVGKLIKAFK,cell_normal,célula mamífera normal,mamífero normal,5.0,0.9647,0.7,0.65,-0.1,0.1,0.85,0,0,0.0,0.85,0,0.6835274999999998,0.6835274999999998,0.0,,,,,,,,,,,,,0.0,0.08618346565714986,5.0
P15,FFSLIPSLVKKLIKAFK,cell_normal,célula mamífera normal,mamífero normal,5.0,0.9412,0.7,0.65,-0.1,0.1,0.85,0,0,0.0,0.85,0,0.6758899999999999,0.6758899999999999,0.0,,,,,,,,,,,,,0.0,0.07766979838187268,6.0
P16,FFKLIPKLVKKLIKAFK,cell_normal,célula mamífera normal,mamífero normal,7.0,0.5765,0.8,0.65,-0.1,0.1,0.85,0,0,0.0,0.85,0,0.7873625,0.7873625,0.0,,,,,,,,,,,,,0.0,0.08704982152350574,3.0
P18,FLKMIPRLIKRLISAFK,cell_normal,célula mamífera normal,mamífero normal,6.0,0.6529,0.77,0.65,-0.1,0.1,0.85,0,0,0.0,0.85,0,0.7031924999999999,0.7031924999999999,0.0,,,,,,,,,,,,,0.0,0.0848170542907385,4.0
P13,FFSLIPKLVGKLISAFK,cell_tumor,célula tumoral,célula tumoral,4.0,1.1471,0.65,0.55,-0.4,0.25,0.55,0,0,0.0,0.55,0,1.8904525,0.6278075000000001,1.262645,,,,,,,,,,,,,0.06144329129743654,0.12096416741153584,7.0
P17,FLRMIPGLIRGLIRAFR,cell_tumor,célula tumoral,célula tumoral,5.0,0.8118,0.75,0.55,-0.4,0.25,0.55,0,0,0.0,0.55,0,2.228245,0.648835,1.5794099999999998,,,,,,,,,,,,,0.004372813056039091,0.09548416495784917,6.0
P05,FLGMIPGLIGGLISAFK,cell_tumor,célula tumoral,célula tumoral,2.0,1.5471,0.59,0.55,-0.4,0.25,0.55,0,0,0.0,0.55,0,1.1824525000000001,0.5398075,0.6426450000000001,,,,,,,,,,,,,0.0,0.0,10.0
P10,FFSLIPSLVGGLISAFK,cell_tumor,célula tumoral,célula tumoral,3.0,1.5353,0.67,0.55,-0.4,0.25,0.55,0,0,0.0,0.55,0,1.6032075000000003,0.6599725000000001,0.9432350000000003,,,,,,,,,,,,,0.0,0.003947368421052631,9.0
P11,FFSLIPKLVKGLISAFK,cell_tumor,célula tumoral,célula tumoral,3.0,1.1471,1.842813316496635,0.55,-0.4,0.25,0.55,0,0,0.0,0.55,0,1.8482964949489908,0.8856514949489904,0.9626450000000004,,,,,,,,,,,,,0.0,0.07039466629496745,8.0
P12,FFKLIPKLVKGLISAFK,cell_tumor,célula tumoral,célula tumoral,4.0,0.9647,2.0241789581164626,0.55,-0.4,0.25,0.55,0,0,0.0,0.55,0,2.252546187434939,0.9807811874349388,1.271765,,,,,,,,,,,,,0.0,0.08997134444502866,4.0
P14,FFSLIPKLVGKLIKAFK,cell_tumor,célula tumoral,célula tumoral,5.0,0.9647,0.7,0.55,-0.4,0.25,0.55,0,0,0.0,0.55,0,2.2552925,0.6835274999999998,1.571765,,,,,,,,,,,,,0.0,0.08618346565714986,3.0
P15,FFSLIPSLVKKLIKAFK,cell_tumor,célula tumoral,célula tumoral,5.0,0.9412,0.7,0.55,-0.4,0.25,0.55,0,0,0.0,0.55,0,2.24883,0.6758899999999999,1.57294,,,,,,,,,,,,,0.0,0.07766979838187268,5.0
P16,FFKLIPKLVKKLIKAFK,cell_tumor,célula tumoral,célula tumoral,7.0,0.5765,0.8,0.55,-0.4,0.25,0.55,0,0,0.0,0.55,0,2.9785375000000003,0.7873625,2.1911750000000003,,,,,,,,,,,,,0.0,0.09204982152350574,1.0
P18,FLKMIPRLIKRLISAFK,cell_tumor,célula tumoral,célula tumoral,6.0,0.6529,0.77,0.55,-0.4,0.25,0.55,0,0,0.0,0.55,0,2.5905475,0.7031924999999999,1.8873550000000001,,,,,,,,,,,,,0.0,0.0848170542907385,2.0
